{
  "train_loss": [
    4.581761777625894,
    3.9878269384492118,
    3.585436790394333,
    3.2512568986640784,
    2.9519109006197946,
    2.6542703673524675,
    2.4311029605145724,
    2.2544461223314394,
    2.0899970018638756,
    1.9702943765892174,
    1.8604669301015027,
    1.7761919201544996,
    1.6941459831201806,
    1.644984620022324,
    1.58484260810996,
    1.5430958446466698,
    1.4919233119712685,
    1.459652376624773,
    1.446253808939232,
    1.3992137621033867,
    1.273750313273016,
    1.2445443445781492,
    1.2256078166781732,
    1.2240772715154684,
    1.2171595312514396,
    1.2052599416588836,
    1.203448444492412,
    1.2016585246571954,
    1.2006791803072083,
    1.1916082967002437,
    1.1910540468287918,
    1.1805281864022308,
    1.181422404973012,
    1.1742758836386338,
    1.172172763662518,
    1.1636818363981427,
    1.1634944627869803,
    1.161262836546268,
    1.159256692202586,
    1.1565683607785207,
    1.1370320005236931,
    1.1382883638705847,
    1.1400800700457592,
    1.1395718655496274,
    1.1360663562450768,
    1.1426221064801485,
    1.1346291326126963,
    1.132787340092209,
    1.1365917205810547,
    1.13246540078577
  ],
  "train_acc": [
    0.018417945690672965,
    0.06469893742621015,
    0.1487603305785124,
    0.22668240850059032,
    0.3322314049586777,
    0.4358913813459268,
    0.50814639905549,
    0.5690672963400236,
    0.631404958677686,
    0.6635182998819362,
    0.7081463990554899,
    0.745926800472255,
    0.7775678866587957,
    0.7952774498229044,
    0.8276269185360094,
    0.8340023612750885,
    0.8609208972845337,
    0.8684769775678867,
    0.8715466351829988,
    0.8786304604486422,
    0.9395513577331759,
    0.9494687131050767,
    0.953482880755608,
    0.9546635182998819,
    0.9582054309327036,
    0.9612750885478158,
    0.9622195985832349,
    0.9605667060212515,
    0.9629279811097993,
    0.9608028335301062,
    0.9655253837072019,
    0.9659976387249114,
    0.9669421487603306,
    0.9690672963400236,
    0.9690672963400236,
    0.9714285714285714,
    0.9683589138134593,
    0.9659976387249114,
    0.9711924439197166,
    0.966469893742621,
    0.974025974025974,
    0.9735537190082645,
    0.9721369539551358,
    0.9763872491145218,
    0.9763872491145218,
    0.9707201889020071,
    0.9780401416765053,
    0.9799291617473436,
    0.9756788665879575,
    0.9759149940968123
  ],
  "val_loss": [
    4.146167741631562,
    3.6942981279121256,
    3.292054428244537,
    3.0227728519799575,
    2.7177898074096105,
    2.5297489751060054,
    2.3081826713849916,
    2.169250724450597,
    1.9697887762537543,
    1.8894720684807256,
    1.7933373608679142,
    1.7041210161065155,
    1.7072999409909517,
    1.6016249814123478,
    1.549087328730889,
    1.5800400072673582,
    1.4761054493346304,
    1.4599069694303117,
    1.434639314435563,
    1.4318165621667538,
    1.301888054271914,
    1.2855568561913833,
    1.282219668604293,
    1.2657363077379622,
    1.255788782857499,
    1.255619948765017,
    1.254656638739244,
    1.24830787586716,
    1.2446639852703743,
    1.2489614329248104,
    1.2465015020010606,
    1.2295239129156437,
    1.2286020247441418,
    1.2305102258358362,
    1.2274273409033722,
    1.2134569748392645,
    1.2226345044262004,
    1.2044226291044704,
    1.2227304903966076,
    1.2166025571103365,
    1.20859528037737,
    1.2020614214663237,
    1.2038481527904294,
    1.202886034857552,
    1.2009013238942847,
    1.2019720167483923,
    1.2033074486930415,
    1.1948224665983669,
    1.1953159345770783,
    1.2042511161768212
  ],
  "val_acc": [
    0.049586776859504134,
    0.1180637544273908,
    0.22786304604486424,
    0.3293978748524203,
    0.40968122786304606,
    0.45690672963400236,
    0.5537190082644629,
    0.5832349468713105,
    0.6835891381345927,
    0.7107438016528925,
    0.7296340023612751,
    0.7520661157024794,
    0.7709563164108618,
    0.8004722550177096,
    0.8311688311688312,
    0.8264462809917356,
    0.8583234946871311,
    0.8677685950413223,
    0.872491145218418,
    0.8689492325855962,
    0.9232585596221959,
    0.9338842975206612,
    0.9327036599763873,
    0.9327036599763873,
    0.9362455726092089,
    0.935064935064935,
    0.9397874852420307,
    0.9397874852420307,
    0.9421487603305785,
    0.935064935064935,
    0.9374262101534829,
    0.9492325855962219,
    0.9433293978748524,
    0.9397874852420307,
    0.9374262101534829,
    0.9492325855962219,
    0.9409681227863046,
    0.9527744982290437,
    0.9456906729634003,
    0.9445100354191264,
    0.9504132231404959,
    0.948051948051948,
    0.9492325855962219,
    0.9515938606847698,
    0.9468713105076741,
    0.9504132231404959,
    0.9515938606847698,
    0.9539551357733176,
    0.9527744982290437,
    0.948051948051948
  ],
  "lr": [
    0.001,
    0.001,
    0.001,
    0.001,
    0.001,
    0.001,
    0.001,
    0.001,
    0.001,
    0.001,
    0.001,
    0.001,
    0.001,
    0.001,
    0.001,
    0.001,
    0.001,
    0.001,
    0.001,
    0.001,
    0.0001,
    0.0001,
    0.0001,
    0.0001,
    0.0001,
    0.0001,
    0.0001,
    0.0001,
    0.0001,
    0.0001,
    0.0001,
    0.0001,
    0.0001,
    0.0001,
    0.0001,
    0.0001,
    0.0001,
    0.0001,
    0.0001,
    0.0001,
    1e-05,
    1e-05,
    1e-05,
    1e-05,
    1e-05,
    1e-05,
    1e-05,
    1e-05,
    1e-05,
    1e-05
  ]
}