{
  "train_loss": [
    4.400652424794323,
    3.728080885365324,
    3.308554877874986,
    2.9923296118682288,
    2.692464965244509,
    2.4311471772643753,
    2.2040233022761795,
    2.0323025330057685,
    1.8827834205807379,
    1.7898642373534868,
    1.6795035398231362,
    1.5915450757404543,
    1.5367779016494751,
    1.487963174873928,
    1.4498041436357318,
    1.41634857969464,
    1.359027877843605,
    1.3420450012638885,
    1.3038256010919247,
    1.2910254653894677,
    1.154894639860909,
    1.1253587173965742,
    1.1086181494424927,
    1.101355929869526,
    1.0973708310217227,
    1.0914211252950272,
    1.0821125615317866,
    1.0819956932427748,
    1.0815812263848648,
    1.0784672707881569,
    1.0705829112034924,
    1.0670382405227086,
    1.062641675517244,
    1.0562718265461473,
    1.055730936662206,
    1.0607494055100206,
    1.048583738983802,
    1.0477471940922287,
    1.0438365153546603,
    1.042045586514023,
    1.0303976857437278,
    1.0284894297707756,
    1.0280458666243644,
    1.023551638396281,
    1.0249950984738907,
    1.0264757592723055,
    1.0233960817445,
    1.0237514156215595,
    1.023565276388852,
    1.025955927596902
  ],
  "train_acc": [
    0.041086186540732,
    0.1076741440377804,
    0.20283353010625738,
    0.29681227863046045,
    0.40731995277449823,
    0.4975206611570248,
    0.5929161747343565,
    0.6488783943329398,
    0.7072018890200709,
    0.7423848878394333,
    0.7825265643447462,
    0.8155844155844156,
    0.8347107438016529,
    0.8571428571428571,
    0.8722550177095632,
    0.8791027154663519,
    0.9015348288075561,
    0.9036599763872492,
    0.9121605667060213,
    0.9133412042502952,
    0.9674144037780401,
    0.9723730814639906,
    0.9775678866587958,
    0.9806375442739079,
    0.9785123966942149,
    0.981582054309327,
    0.982762691853601,
    0.9839433293978749,
    0.982762691853601,
    0.9829988193624557,
    0.9851239669421488,
    0.9839433293978749,
    0.9858323494687131,
    0.9874852420306965,
    0.9855962219598583,
    0.9834710743801653,
    0.9891381345926801,
    0.9874852420306965,
    0.9884297520661157,
    0.9889020070838253,
    0.9917355371900827,
    0.9910271546635183,
    0.992443919716647,
    0.9926800472255017,
    0.9914994096812279,
    0.9919716646989374,
    0.992443919716647,
    0.9919716646989374,
    0.9914994096812279,
    0.9910271546635183
  ],
  "val_loss": [
    3.915412614930351,
    3.463258725292278,
    3.029895696999892,
    2.750014356847079,
    2.422299621240148,
    2.295987399119251,
    2.053893766313229,
    1.988392656704165,
    1.8497632629466507,
    1.7761126689191133,
    1.7192169045502286,
    1.6131329963792045,
    1.643495094101384,
    1.557718740319306,
    1.474905882241591,
    1.4112556318067155,
    1.408964269566086,
    1.3913534362361115,
    1.3651931465796705,
    1.3054779138205186,
    1.2045470656089063,
    1.1933599800433752,
    1.189254198434218,
    1.1853283789922606,
    1.187247339284645,
    1.1811336919946491,
    1.1944248889977078,
    1.1776721859877963,
    1.1730979163691682,
    1.163388414202996,
    1.1689464641067218,
    1.1593093298516184,
    1.1664654545064241,
    1.1566105653654855,
    1.1535230166507218,
    1.1625003488558643,
    1.1514753496871803,
    1.1471574913780644,
    1.155788098866085,
    1.1397840650576465,
    1.1312691951697726,
    1.1308356298590607,
    1.1327684442951995,
    1.13526022884081,
    1.133749154378783,
    1.130952201924234,
    1.1342033980027684,
    1.1354527642142098,
    1.1305879433200043,
    1.1322532903473332
  ],
  "val_acc": [
    0.08382526564344746,
    0.14521841794569068,
    0.30578512396694213,
    0.4014167650531287,
    0.5230224321133412,
    0.5584415584415584,
    0.6658795749704841,
    0.6587957497048406,
    0.7072018890200709,
    0.7072018890200709,
    0.7626918536009445,
    0.8028335301062574,
    0.7851239669421488,
    0.8311688311688312,
    0.8512396694214877,
    0.8677685950413223,
    0.8772136953955135,
    0.8713105076741441,
    0.8878394332939787,
    0.9197166469893743,
    0.9551357733175915,
    0.9551357733175915,
    0.948051948051948,
    0.9539551357733176,
    0.9539551357733176,
    0.9574970484061394,
    0.9456906729634003,
    0.9515938606847698,
    0.9574970484061394,
    0.9598583234946871,
    0.9515938606847698,
    0.9586776859504132,
    0.9515938606847698,
    0.9515938606847698,
    0.9598583234946871,
    0.9492325855962219,
    0.9574970484061394,
    0.9598583234946871,
    0.9527744982290437,
    0.961038961038961,
    0.9622195985832349,
    0.961038961038961,
    0.961038961038961,
    0.9586776859504132,
    0.9598583234946871,
    0.9574970484061394,
    0.9563164108618654,
    0.9574970484061394,
    0.9598583234946871,
    0.9598583234946871
  ],
  "lr": [
    0.001,
    0.001,
    0.001,
    0.001,
    0.001,
    0.001,
    0.001,
    0.001,
    0.001,
    0.001,
    0.001,
    0.001,
    0.001,
    0.001,
    0.001,
    0.001,
    0.001,
    0.001,
    0.001,
    0.001,
    0.0001,
    0.0001,
    0.0001,
    0.0001,
    0.0001,
    0.0001,
    0.0001,
    0.0001,
    0.0001,
    0.0001,
    0.0001,
    0.0001,
    0.0001,
    0.0001,
    0.0001,
    0.0001,
    0.0001,
    0.0001,
    0.0001,
    0.0001,
    1e-05,
    1e-05,
    1e-05,
    1e-05,
    1e-05,
    1e-05,
    1e-05,
    1e-05,
    1e-05,
    1e-05
  ]
}