{
  "train_loss": [
    4.541509484345058,
    3.912269155934172,
    3.494535953593704,
    3.093593478652666,
    2.7186875424295103,
    2.436602058500614,
    2.2143792246872525,
    2.0150403094741534,
    1.866888916267539,
    1.736723142300012,
    1.651511237306415,
    1.5652956026904987,
    1.5214379594011127,
    1.4631525129642127,
    1.4037483651683016,
    1.3638302240731581,
    1.3338858554948052,
    1.2944560041967428,
    1.2670057071829741,
    1.2568662247567806,
    1.1238907602598083,
    1.0860609396448675,
    1.0775693576290923,
    1.067152062002218,
    1.0643625425842573,
    1.0637448000458052,
    1.0571649960751803,
    1.050350101264018,
    1.047260466161764,
    1.042284971812986,
    1.0390458277936252,
    1.0412653630634523,
    1.0365545934101321,
    1.0295029941594827,
    1.0259214072857263,
    1.0269422333195524,
    1.0201121629409071,
    1.0177884360529341,
    1.0161345353666342,
    1.0133818621905344,
    1.001859996228848,
    1.0018714315486403,
    0.99887446952316,
    1.0029793145521633,
    1.0014197691431586,
    0.997094327773688,
    0.9985271519085146,
    0.9969280605046255,
    0.9970545696762373,
    0.9991726753846655
  ],
  "train_acc": [
    0.021959858323494688,
    0.07721369539551358,
    0.15348288075560804,
    0.2741440377804014,
    0.39008264462809916,
    0.4939787485242031,
    0.5742621015348288,
    0.6448642266824085,
    0.7001180637544274,
    0.7497048406139315,
    0.7775678866587957,
    0.8181818181818182,
    0.8217237308146399,
    0.8403778040141676,
    0.8722550177095632,
    0.8852420306965761,
    0.89185360094451,
    0.9029515938606848,
    0.910271546635183,
    0.9128689492325855,
    0.9683589138134593,
    0.9785123966942149,
    0.9770956316410861,
    0.982762691853601,
    0.9796930342384887,
    0.9811097992916175,
    0.9832349468713105,
    0.982762691853601,
    0.9825265643447462,
    0.9825265643447462,
    0.982762691853601,
    0.9839433293978749,
    0.9851239669421488,
    0.9853600944510036,
    0.9844155844155844,
    0.98370720188902,
    0.9886658795749704,
    0.9855962219598583,
    0.9865407319952775,
    0.9874852420306965,
    0.9889020070838253,
    0.9896103896103896,
    0.990318772136954,
    0.9893742621015348,
    0.9898465171192444,
    0.9900826446280991,
    0.9889020070838253,
    0.9898465171192444,
    0.9893742621015348,
    0.9900826446280991
  ],
  "val_loss": [
    4.149814232340399,
    3.625224878203194,
    3.117024228257953,
    2.781916962479645,
    2.4482781279761836,
    2.280629113035382,
    2.044442410738963,
    1.886377658484117,
    1.808642050005355,
    1.644305798242677,
    1.54530213239058,
    1.483965961438305,
    1.4959475026940399,
    1.4637180454326126,
    1.4628389399006683,
    1.3938131849720794,
    1.29000394074422,
    1.314709631901867,
    1.3062665867355634,
    1.242294558938944,
    1.139383799624893,
    1.138372004032135,
    1.1298513446214065,
    1.1222915638167903,
    1.1138253459390604,
    1.111202262482553,
    1.1036294811176803,
    1.1067799183557618,
    1.1008963292499758,
    1.0935777954335482,
    1.090604990158441,
    1.0962342732357528,
    1.08575901670276,
    1.0822197468775623,
    1.0808143345814831,
    1.078299197385896,
    1.0783893319795717,
    1.0718861289744108,
    1.0761247985767868,
    1.0714581316372134,
    1.0611115008030299,
    1.0601750162412535,
    1.0652455777492162,
    1.064635491596078,
    1.0629307852601104,
    1.0602428868131817,
    1.063075012755844,
    1.066719948120837,
    1.0574216010435573,
    1.0596423610201422
  ],
  "val_acc": [
    0.06139315230224321,
    0.1204250295159386,
    0.2514757969303424,
    0.3742621015348288,
    0.5053128689492326,
    0.5371900826446281,
    0.6009445100354192,
    0.6871310507674144,
    0.7284533648170012,
    0.7898465171192444,
    0.8217237308146399,
    0.8323494687131051,
    0.8252656434474617,
    0.8406139315230224,
    0.8382526564344747,
    0.8736717827626919,
    0.910271546635183,
    0.885478158205431,
    0.8913813459268005,
    0.922077922077922,
    0.961038961038961,
    0.9551357733175915,
    0.9598583234946871,
    0.9598583234946871,
    0.9645808736717828,
    0.9645808736717828,
    0.9634002361275088,
    0.9622195985832349,
    0.9645808736717828,
    0.9716646989374262,
    0.9693034238488784,
    0.9634002361275088,
    0.9657615112160567,
    0.9669421487603306,
    0.9645808736717828,
    0.9645808736717828,
    0.9622195985832349,
    0.9704840613931524,
    0.9681227863046045,
    0.9681227863046045,
    0.9728453364817001,
    0.974025974025974,
    0.9716646989374262,
    0.9728453364817001,
    0.9716646989374262,
    0.9716646989374262,
    0.9681227863046045,
    0.9657615112160567,
    0.9728453364817001,
    0.9716646989374262
  ],
  "lr": [
    0.001,
    0.001,
    0.001,
    0.001,
    0.001,
    0.001,
    0.001,
    0.001,
    0.001,
    0.001,
    0.001,
    0.001,
    0.001,
    0.001,
    0.001,
    0.001,
    0.001,
    0.001,
    0.001,
    0.001,
    0.0001,
    0.0001,
    0.0001,
    0.0001,
    0.0001,
    0.0001,
    0.0001,
    0.0001,
    0.0001,
    0.0001,
    0.0001,
    0.0001,
    0.0001,
    0.0001,
    0.0001,
    0.0001,
    0.0001,
    0.0001,
    0.0001,
    0.0001,
    1e-05,
    1e-05,
    1e-05,
    1e-05,
    1e-05,
    1e-05,
    1e-05,
    1e-05,
    1e-05,
    1e-05
  ]
}