{
  "train_loss": [
    4.542280252924505,
    3.9181572122393913,
    3.4931463403521845,
    3.0731485123904245,
    2.7042245603957267,
    2.4360985130633948,
    2.221038554749399,
    2.0212209760018114,
    1.8804754216715975,
    1.7367353196414013,
    1.6514341714247218,
    1.5677285221387756,
    1.5200110345516564,
    1.465230404206042,
    1.4074149496150468,
    1.3649080978249604,
    1.3301647451688658,
    1.294208854549336,
    1.2701440019427606,
    1.2557106985236115,
    1.1275924653377174,
    1.0918982418078296,
    1.081720375564863,
    1.073654028154769,
    1.0676007401268437,
    1.06797727256451,
    1.0616171890834591,
    1.0567190111808058,
    1.0533514306230365,
    1.0468481097581253,
    1.0442492532280256,
    1.0471094142715887,
    1.0393602087812603,
    1.0354992135515753,
    1.0285285297429787,
    1.0294978470172522,
    1.0230993808440443,
    1.022819332356723,
    1.0219972736430618,
    1.0167736408845434,
    1.0034779215758702,
    1.005603900270642,
    1.0001058304084922,
    1.005775953238865,
    1.0042748633420693,
    1.0004970244641573,
    0.9999836890202648,
    0.9984722504075968,
    0.9988268071750425,
    1.000613837422065
  ],
  "train_acc": [
    0.021723730814639904,
    0.07414403778040142,
    0.15702479338842976,
    0.2783943329397875,
    0.3922077922077922,
    0.49327036599763874,
    0.5756788665879575,
    0.6422668240850059,
    0.6956316410861866,
    0.7537190082644628,
    0.7813459268004722,
    0.8153482880755608,
    0.8240850059031877,
    0.8491145218417946,
    0.8672963400236128,
    0.8857142857142857,
    0.8956316410861865,
    0.9074380165289256,
    0.9131050767414404,
    0.911452184179457,
    0.9652892561983472,
    0.9768595041322314,
    0.9770956316410861,
    0.979456906729634,
    0.979456906729634,
    0.9796930342384887,
    0.9822904368358913,
    0.9820543093270366,
    0.9813459268004723,
    0.9822904368358913,
    0.9825265643447462,
    0.9804014167650531,
    0.9846517119244392,
    0.9851239669421488,
    0.9858323494687131,
    0.9858323494687131,
    0.9872491145218418,
    0.9829988193624557,
    0.9841794569067296,
    0.9867768595041322,
    0.9905548996458088,
    0.9879574970484062,
    0.9907910271546635,
    0.9884297520661157,
    0.9896103896103896,
    0.9889020070838253,
    0.9889020070838253,
    0.9893742621015348,
    0.9886658795749704,
    0.9896103896103896
  ],
  "val_loss": [
    4.181968113161483,
    3.6581427421209947,
    3.1314679451708525,
    2.722340367875009,
    2.4449891009420717,
    2.229134253735812,
    2.0468325749883114,
    1.9070694604009952,
    1.766522281574753,
    1.645974780028721,
    1.5537681377158974,
    1.5066471054868877,
    1.470839669119637,
    1.5059372366599317,
    1.4582648479713585,
    1.3850034745234363,
    1.3144672231854133,
    1.3548418508385711,
    1.2932193031850852,
    1.2491510004367468,
    1.1520987288007196,
    1.1389065947172776,
    1.1360659992919777,
    1.1265784389567826,
    1.1144830528295264,
    1.1164931789884027,
    1.1126837381776773,
    1.1078083897536655,
    1.1006117991681368,
    1.101659526240151,
    1.0947717889299933,
    1.1016293370498802,
    1.0898426523748435,
    1.0881008235913403,
    1.0791668948137536,
    1.0828174633799859,
    1.0828338625296108,
    1.0764664895129654,
    1.0741854962312951,
    1.0731506280179293,
    1.0658128778889495,
    1.064495620862493,
    1.0657079770879925,
    1.0686150856737822,
    1.0665860434748091,
    1.0647351516867585,
    1.066357917380783,
    1.066534603541752,
    1.0600476546107598,
    1.0647073320622713
  ],
  "val_acc": [
    0.06257378984651712,
    0.11452184179456906,
    0.2585596221959858,
    0.3990554899645809,
    0.4911452184179457,
    0.5489964580873672,
    0.628099173553719,
    0.6788665879574971,
    0.7402597402597403,
    0.8099173553719008,
    0.8099173553719008,
    0.8406139315230224,
    0.8453364817001181,
    0.8217237308146399,
    0.8429752066115702,
    0.8654073199527745,
    0.9031877213695395,
    0.8772136953955135,
    0.9079102715466352,
    0.9149940968122786,
    0.9504132231404959,
    0.9563164108618654,
    0.9527744982290437,
    0.9586776859504132,
    0.9574970484061394,
    0.961038961038961,
    0.9598583234946871,
    0.9622195985832349,
    0.9586776859504132,
    0.9598583234946871,
    0.9693034238488784,
    0.9598583234946871,
    0.9645808736717828,
    0.9634002361275088,
    0.9728453364817001,
    0.9634002361275088,
    0.9645808736717828,
    0.9657615112160567,
    0.9728453364817001,
    0.9669421487603306,
    0.974025974025974,
    0.9704840613931524,
    0.9716646989374262,
    0.9657615112160567,
    0.9681227863046045,
    0.9728453364817001,
    0.9669421487603306,
    0.9704840613931524,
    0.974025974025974,
    0.9669421487603306
  ],
  "lr": [
    0.001,
    0.001,
    0.001,
    0.001,
    0.001,
    0.001,
    0.001,
    0.001,
    0.001,
    0.001,
    0.001,
    0.001,
    0.001,
    0.001,
    0.001,
    0.001,
    0.001,
    0.001,
    0.001,
    0.001,
    0.0001,
    0.0001,
    0.0001,
    0.0001,
    0.0001,
    0.0001,
    0.0001,
    0.0001,
    0.0001,
    0.0001,
    0.0001,
    0.0001,
    0.0001,
    0.0001,
    0.0001,
    0.0001,
    0.0001,
    0.0001,
    0.0001,
    0.0001,
    1e-05,
    1e-05,
    1e-05,
    1e-05,
    1e-05,
    1e-05,
    1e-05,
    1e-05,
    1e-05,
    1e-05
  ]
}