{
  "train_loss": [
    4.481132823116375,
    3.781435406882808,
    3.376418584247805,
    3.0503903658884877,
    2.801842237868399,
    2.5813336237421574,
    2.414637315498208,
    2.2656899911052775,
    2.1530829429626466,
    2.0513762114182956,
    1.9491717221601954,
    1.866714287703892,
    1.802273776846112,
    1.733320267695301,
    1.681067762734755,
    1.6180910848221688,
    1.5691534384241643,
    1.5367513112302096,
    1.4862662931658186,
    1.4630277215309864,
    1.288867104728267,
    1.2436443580771392,
    1.226252145137427,
    1.2097554580220635,
    1.2007855613276643,
    1.199188098367655,
    1.191065498567977,
    1.1803605902869747,
    1.1810235158452447,
    1.1695411659636588,
    1.164913245417037,
    1.1624626060701766,
    1.1578793822594409,
    1.1550185230543029,
    1.144766209710319,
    1.1370647192001342,
    1.1410538641911632,
    1.129462968178515,
    1.1271412444564533,
    1.1293156097520072,
    1.1101082763581906,
    1.1046740441952112,
    1.1020746307552984,
    1.1031613750277824,
    1.0992147342214045,
    1.0964116388896725,
    1.0984268215467345,
    1.1017859879529701,
    1.098816648294341,
    1.0942866455833866
  ],
  "train_acc": [
    0.02715466351829988,
    0.09634002361275089,
    0.18158205430932703,
    0.2772136953955136,
    0.3447461629279811,
    0.4309327036599764,
    0.4998819362455726,
    0.5560802833530106,
    0.5905548996458088,
    0.6304604486422668,
    0.6661157024793388,
    0.7057851239669422,
    0.7242030696576152,
    0.7539551357733176,
    0.7671782762691853,
    0.798819362455726,
    0.824793388429752,
    0.8276269185360094,
    0.8467532467532467,
    0.8488783943329398,
    0.9282172373081464,
    0.9447461629279811,
    0.9506493506493506,
    0.951357733175915,
    0.9572609208972845,
    0.9574970484061394,
    0.9560802833530107,
    0.9619834710743802,
    0.9593860684769776,
    0.9622195985832349,
    0.9674144037780401,
    0.9645808736717828,
    0.9652892561983472,
    0.9657615112160567,
    0.968595041322314,
    0.9709563164108619,
    0.9704840613931524,
    0.9726092089728453,
    0.9711924439197166,
    0.9669421487603306,
    0.977331759149941,
    0.9759149940968123,
    0.9813459268004723,
    0.9787485242030697,
    0.9787485242030697,
    0.982762691853601,
    0.979456906729634,
    0.9775678866587958,
    0.9792207792207792,
    0.9806375442739079
  ],
  "val_loss": [
    4.041250971128356,
    3.620975764292591,
    3.0898456753424877,
    2.9494406817094334,
    2.702806094907365,
    2.515690452647659,
    2.2588072205489538,
    2.1644460030321806,
    2.0695952986771204,
    2.056181030453376,
    1.9977081046914154,
    1.9042819311034005,
    1.787203997935889,
    1.6860075311840705,
    1.635699431851225,
    1.6280731097707208,
    1.6037311576447397,
    1.5399704744231026,
    1.5630203193088748,
    1.5387608982482046,
    1.3195386472738013,
    1.3027517075808543,
    1.2852814220032602,
    1.2894221229373284,
    1.2690788529953867,
    1.2649347084873128,
    1.2517161245615978,
    1.2565628762515086,
    1.2637707692272258,
    1.2518363358839504,
    1.2418398227331773,
    1.2419207804607895,
    1.233944761303236,
    1.231296571920503,
    1.2313012312043388,
    1.2237030571361758,
    1.2227805133135814,
    1.2227559921876439,
    1.2246447621651415,
    1.2072457086365178,
    1.203294354789662,
    1.2029522904809915,
    1.1981603863104335,
    1.1979422310613237,
    1.1980737009138431,
    1.1962833786910434,
    1.2010263395759295,
    1.1992641619916231,
    1.2047295266727231,
    1.2015517770119433
  ],
  "val_acc": [
    0.05667060212514758,
    0.12987012987012986,
    0.2857142857142857,
    0.30814639905548996,
    0.4203069657615112,
    0.4628099173553719,
    0.5548996458087367,
    0.6056670602125147,
    0.6387249114521841,
    0.6387249114521841,
    0.6422668240850059,
    0.706021251475797,
    0.7414403778040142,
    0.7744982290436836,
    0.79456906729634,
    0.7992916174734357,
    0.7922077922077922,
    0.846517119244392,
    0.807556080283353,
    0.8323494687131051,
    0.9090909090909091,
    0.9244391971664699,
    0.9268004722550177,
    0.9173553719008265,
    0.9268004722550177,
    0.9279811097992916,
    0.9421487603305785,
    0.9303423848878394,
    0.9232585596221959,
    0.9338842975206612,
    0.9338842975206612,
    0.935064935064935,
    0.9338842975206612,
    0.9397874852420307,
    0.9338842975206612,
    0.9386068476977568,
    0.9456906729634003,
    0.9433293978748524,
    0.9374262101534829,
    0.9397874852420307,
    0.9456906729634003,
    0.9456906729634003,
    0.9445100354191264,
    0.9456906729634003,
    0.9456906729634003,
    0.9492325855962219,
    0.948051948051948,
    0.9468713105076741,
    0.9433293978748524,
    0.9421487603305785
  ],
  "lr": [
    0.001,
    0.001,
    0.001,
    0.001,
    0.001,
    0.001,
    0.001,
    0.001,
    0.001,
    0.001,
    0.001,
    0.001,
    0.001,
    0.001,
    0.001,
    0.001,
    0.001,
    0.001,
    0.001,
    0.001,
    0.0001,
    0.0001,
    0.0001,
    0.0001,
    0.0001,
    0.0001,
    0.0001,
    0.0001,
    0.0001,
    0.0001,
    0.0001,
    0.0001,
    0.0001,
    0.0001,
    0.0001,
    0.0001,
    0.0001,
    0.0001,
    0.0001,
    0.0001,
    1e-05,
    1e-05,
    1e-05,
    1e-05,
    1e-05,
    1e-05,
    1e-05,
    1e-05,
    1e-05,
    1e-05
  ]
}