{
  "train_loss": [
    4.549244734026351,
    3.906424234498222,
    3.4922970546866363,
    3.211984049599126,
    2.9261694017446267,
    2.669316429462073,
    2.4072985118290164,
    2.213076167286567,
    2.029022522242564,
    1.9027879238128662,
    1.772249298725488,
    1.6829527301608391,
    1.596781256963622,
    1.5288089909643496,
    1.4698660935995713,
    1.438189733253335,
    1.379257523788596,
    1.3573393551808484,
    1.3276865522816497,
    1.294791461836617,
    1.1600240217064912,
    1.1336761722024882,
    1.1161379476763167,
    1.1110207665641352,
    1.1106770371491055,
    1.1026943964778253,
    1.0927813619937536,
    1.0945260585479017,
    1.0932911351041974,
    1.0902877036130654,
    1.0834754188105744,
    1.0789828552390044,
    1.0759388766198787,
    1.067217815147256,
    1.066076867085583,
    1.0716845667587136,
    1.0626775649358642,
    1.0623166037055682,
    1.0529265217061312,
    1.0510073803505808,
    1.0394919647360747,
    1.0389785539429144,
    1.0392980937687857,
    1.0342305408333832,
    1.0358030555383215,
    1.0357635241634442,
    1.0373143110635146,
    1.033617901802063,
    1.036144385022937,
    1.038808389204853
  ],
  "train_acc": [
    0.021251475796930343,
    0.08311688311688312,
    0.15442739079102716,
    0.233530106257379,
    0.32113341204250295,
    0.40613931523022434,
    0.5199527744982291,
    0.5756788665879575,
    0.6545454545454545,
    0.6979929161747344,
    0.7433293978748524,
    0.7702479338842976,
    0.811806375442739,
    0.8283353010625738,
    0.8495867768595041,
    0.8609208972845337,
    0.8868949232585597,
    0.8847697756788666,
    0.8989374262101535,
    0.9097992916174734,
    0.9596221959858323,
    0.966469893742621,
    0.9752066115702479,
    0.971900826446281,
    0.9690672963400236,
    0.974025974025974,
    0.9759149940968123,
    0.9754427390791027,
    0.9749704840613932,
    0.9747343565525384,
    0.9754427390791027,
    0.9785123966942149,
    0.9766233766233766,
    0.9811097992916175,
    0.9818181818181818,
    0.9766233766233766,
    0.9799291617473436,
    0.9818181818181818,
    0.9822904368358913,
    0.9841794569067296,
    0.9867768595041322,
    0.9860684769775678,
    0.9846517119244392,
    0.9872491145218418,
    0.9858323494687131,
    0.9858323494687131,
    0.9867768595041322,
    0.9844155844155844,
    0.9860684769775678,
    0.9858323494687131
  ],
  "val_loss": [
    4.116357151067482,
    3.5839735471977376,
    3.2403809844322926,
    2.950333001478663,
    2.6356667797520474,
    2.422246847512587,
    2.23015126417268,
    2.164287162276934,
    1.894762174138483,
    1.8411196807645402,
    1.7190900298784364,
    1.6633686974363506,
    1.6243489485866618,
    1.4970446667581234,
    1.4583742776007023,
    1.3978276590131364,
    1.4049894877199858,
    1.3773069595390897,
    1.3436799251808311,
    1.294975827325065,
    1.1827418995353411,
    1.174306592851315,
    1.1688442702563304,
    1.1626377623036224,
    1.1616510906309452,
    1.149771027969864,
    1.1529756739454449,
    1.1459153272070974,
    1.145680031686459,
    1.1393036741130758,
    1.1359591146685042,
    1.127376861167404,
    1.1306291492480152,
    1.1306113038422927,
    1.1277311253097821,
    1.123165342043031,
    1.115741272017641,
    1.1158048454320655,
    1.119919202237759,
    1.1117712821600572,
    1.104500651359558,
    1.1017199192406997,
    1.104195901807749,
    1.10503939637598,
    1.1034215306336026,
    1.1012348757599884,
    1.1020089432878315,
    1.1044582533386518,
    1.100216807059522,
    1.1005090767482542
  ],
  "val_acc": [
    0.049586776859504134,
    0.15938606847697756,
    0.21133412042502953,
    0.32231404958677684,
    0.42266824085005905,
    0.525383707201889,
    0.5761511216056671,
    0.5667060212514758,
    0.6965761511216056,
    0.7260920897284534,
    0.7768595041322314,
    0.7768595041322314,
    0.7957497048406139,
    0.8240850059031877,
    0.8547815820543093,
    0.885478158205431,
    0.8795749704840614,
    0.8677685950413223,
    0.8937426210153483,
    0.9090909090909091,
    0.9586776859504132,
    0.961038961038961,
    0.9504132231404959,
    0.9563164108618654,
    0.9551357733175915,
    0.9669421487603306,
    0.9586776859504132,
    0.9574970484061394,
    0.961038961038961,
    0.9574970484061394,
    0.9645808736717828,
    0.9669421487603306,
    0.9622195985832349,
    0.961038961038961,
    0.9598583234946871,
    0.9657615112160567,
    0.9681227863046045,
    0.9645808736717828,
    0.961038961038961,
    0.9669421487603306,
    0.9669421487603306,
    0.9693034238488784,
    0.974025974025974,
    0.9704840613931524,
    0.9704840613931524,
    0.9693034238488784,
    0.9716646989374262,
    0.9657615112160567,
    0.9704840613931524,
    0.9716646989374262
  ],
  "lr": [
    0.001,
    0.001,
    0.001,
    0.001,
    0.001,
    0.001,
    0.001,
    0.001,
    0.001,
    0.001,
    0.001,
    0.001,
    0.001,
    0.001,
    0.001,
    0.001,
    0.001,
    0.001,
    0.001,
    0.001,
    0.0001,
    0.0001,
    0.0001,
    0.0001,
    0.0001,
    0.0001,
    0.0001,
    0.0001,
    0.0001,
    0.0001,
    0.0001,
    0.0001,
    0.0001,
    0.0001,
    0.0001,
    0.0001,
    0.0001,
    0.0001,
    0.0001,
    0.0001,
    1e-05,
    1e-05,
    1e-05,
    1e-05,
    1e-05,
    1e-05,
    1e-05,
    1e-05,
    1e-05,
    1e-05
  ]
}